model_name,threshold,validation_balanced_accuracy,validation_precision,validation_recall,validation_f1,validation_specificity,test_balanced_accuracy,test_precision,test_recall,test_f1,test_specificity,test_accuracy,test_mcc,selection_score
baseline_logistic,0.25,0.5703703703703704,0.3673469387755102,0.6,0.45569620253164556,0.5407407407407407,0.7107407407407407,0.5792349726775956,0.7066666666666667,0.6366366366366366,0.7148148148148148,0.7119047619047619,0.40729238624146874,0.6438397581254724
medium_hgbt,0.5,0.5550925925925926,0.4020618556701031,0.325,0.35944700460829493,0.7851851851851852,0.6462962962962964,0.6310679611650486,0.43333333333333335,0.5138339920948617,0.8592592592592593,0.7071428571428572,0.32586866038871304,0.6355049637266132
