scenario,assumed_prevalence,posterior_cheat_given_positive,posterior_legit_given_negative,posterior_cheat_given_negative
observed_test_prevalence,0.35714285714285715,0.5078534031413613,0.7685589519650654,0.2314410480349345
moderate_deployment_10pct,0.1,0.17107583774250443,0.9431939978563773,0.056806002143622726
rare_deployment_5pct,0.05,0.08905437111088443,0.972262603942548,0.027737396057451884
rare_deployment_1pct,0.01,0.018416555914182647,0.9945546080345217,0.005445391965478269
very_rare_deployment_0.1pct,0.001,0.0018558555111255668,0.9994577061995437,0.0005422938004563454
