scenario,assumed_prevalence,posterior_cheat_given_positive,posterior_legit_given_negative,posterior_cheat_given_negative
observed_test_prevalence,0.35714285714285715,0.5104166666666667,0.7719298245614035,0.22807017543859648
moderate_deployment_10pct,0.1,0.17253521126760565,0.9442060085836911,0.055793991416309016
rare_deployment_5pct,0.05,0.08988993069710562,0.9727717011868746,0.02722829881312544
rare_deployment_1pct,0.01,0.01860288534548216,0.9946568023016852,0.005343197698314837
very_rare_deployment_0.1pct,0.001,0.0018749521695875107,0.9994679327139524,0.0005320672860475586
