accuracy,balanced_accuracy,precision,recall,specificity,f1,mcc,false_positive_rate,false_negative_rate,prevalence,predicted_positive_rate,majority_baseline_accuracy,ppv_at_observed_prevalence,npv_at_observed_prevalence,positive_likelihood_ratio,negative_likelihood_ratio,tp,fp,tn,fn
0.65,0.6492592592592592,0.5078534031413613,0.6466666666666666,0.6518518518518519,0.5689149560117303,0.28725286203375794,0.34814814814814815,0.35333333333333333,0.35714285714285715,0.45476190476190476,0.6428571428571428,0.5078534031413613,0.7685589519650655,1.8574468085106384,0.5420454545454546,97,94,176,53
