accuracy,balanced_accuracy,precision,recall,specificity,f1,mcc,false_positive_rate,false_negative_rate,prevalence,predicted_positive_rate,majority_baseline_accuracy,ppv_at_observed_prevalence,npv_at_observed_prevalence,positive_likelihood_ratio,negative_likelihood_ratio,tp,fp,tn,fn
0.6523809523809524,0.6525925925925926,0.5104166666666666,0.6533333333333333,0.6518518518518519,0.5730994152046783,0.2935438062910302,0.34814814814814815,0.3466666666666667,0.35714285714285715,0.45714285714285713,0.6428571428571428,0.5104166666666666,0.7719298245614035,1.8765957446808512,0.5318181818181817,98,94,176,52
