split,accuracy,balanced_accuracy,precision,recall,specificity,f1,mcc,false_positive_rate,false_negative_rate,prevalence,predicted_positive_rate,majority_baseline_accuracy,ppv_at_observed_prevalence,npv_at_observed_prevalence,positive_likelihood_ratio,negative_likelihood_ratio,tp,fp,tn,fn
train,0.7380952380952381,0.7722222222222221,0.5698035160289555,0.8746031746031746,0.6698412698412698,0.6900438321853475,0.5134463020466392,0.33015873015873015,0.1253968253968254,0.3333333333333333,0.5116402116402117,0.6666666666666667,0.5698035160289555,0.914409534127844,2.6490384615384612,0.18720379146919433,551.0,416.0,844.0,79.0
validation,0.5076923076923077,0.5217592592592593,0.32524271844660196,0.5583333333333333,0.48518518518518516,0.4110429447852761,0.04023500743006782,0.5148148148148148,0.44166666666666665,0.3076923076923077,0.5282051282051282,0.6923076923076923,0.32524271844660196,0.7119565217391305,1.0845323741007193,0.9103053435114504,67.0,139.0,131.0,53.0
test,0.6523809523809524,0.6525925925925926,0.5104166666666666,0.6533333333333333,0.6518518518518519,0.5730994152046783,0.2935438062910302,0.34814814814814815,0.3466666666666667,0.35714285714285715,0.45714285714285713,0.6428571428571428,0.5104166666666666,0.7719298245614035,1.8765957446808512,0.5318181818181817,98.0,94.0,176.0,52.0
