split,accuracy,balanced_accuracy,precision,recall,specificity,f1,mcc,false_positive_rate,false_negative_rate,prevalence,predicted_positive_rate,majority_baseline_accuracy,ppv_at_observed_prevalence,npv_at_observed_prevalence,positive_likelihood_ratio,negative_likelihood_ratio,tp,fp,tn,fn
train,0.737037037037037,0.7698412698412698,0.5691987513007284,0.8682539682539683,0.6714285714285714,0.6876178504085481,0.5088905240574869,0.32857142857142857,0.13174603174603175,0.3333333333333333,0.5084656084656085,0.6666666666666667,0.5691987513007284,0.9106566200215285,2.6425120772946857,0.1962174940898345,547.0,414.0,846.0,83.0
validation,0.5051282051282051,0.5175925925925926,0.32195121951219513,0.55,0.48518518518518516,0.40615384615384614,0.03252142384432946,0.5148148148148148,0.45,0.3076923076923077,0.5256410256410257,0.6923076923076923,0.32195121951219513,0.7081081081081081,1.0683453237410072,0.9274809160305343,66.0,139.0,131.0,54.0
test,0.65,0.6492592592592592,0.5078534031413613,0.6466666666666666,0.6518518518518519,0.5689149560117303,0.28725286203375794,0.34814814814814815,0.35333333333333333,0.35714285714285715,0.45476190476190476,0.6428571428571428,0.5078534031413613,0.7685589519650655,1.8574468085106384,0.5420454545454546,97.0,94.0,176.0,53.0
