accuracy,precision,recall,false_positive_rate,false_negative_rate
0.9693877551020408,0.975609756097561,0.9523809523809523,0.017857142857142856,0.047619047619047616
