accuracy,balanced_accuracy,precision,recall,specificity,f1,mcc,false_positive_rate,false_negative_rate,prevalence,predicted_positive_rate,majority_baseline_accuracy,ppv_at_observed_prevalence,npv_at_observed_prevalence,positive_likelihood_ratio,negative_likelihood_ratio,tp,fp,tn,fn
0.9795918367346939,0.9791666666666666,0.9761904761904762,0.9761904761904762,0.9821428571428571,0.9761904761904762,0.9583333333333334,0.017857142857142856,0.023809523809523808,0.42857142857142855,0.42857142857142855,0.5714285714285714,0.9761904761904762,0.9821428571428571,54.66666666666652,0.02424242424242427,41,1,55,1
