split,accuracy,precision,recall,false_positive_rate,false_negative_rate
calibration_train,0.9387755102040817,0.9090909090909091,0.9523809523809523,0.07142857142857142,0.047619047619047616
validation,0.8877551020408163,0.8163265306122449,0.9523809523809523,0.16071428571428573,0.047619047619047616
test,0.9693877551020408,0.975609756097561,0.9523809523809523,0.017857142857142856,0.047619047619047616
