split,accuracy,balanced_accuracy,precision,recall,specificity,f1,mcc,false_positive_rate,false_negative_rate,prevalence,predicted_positive_rate,majority_baseline_accuracy,ppv_at_observed_prevalence,npv_at_observed_prevalence,positive_likelihood_ratio,negative_likelihood_ratio,tp,fp,tn,fn
calibration_train,0.9285714285714286,0.9315476190476191,0.8888888888888888,0.9523809523809523,0.9107142857142857,0.9195402298850575,0.8571033400760563,0.08928571428571429,0.047619047619047616,0.42857142857142855,0.45918367346938777,0.5714285714285714,0.8888888888888888,0.9622641509433962,10.666666666666664,0.05228758169934646,40.0,5.0,51.0,2.0
validation,0.8673469387755102,0.8779761904761905,0.7843137254901961,0.9523809523809523,0.8035714285714286,0.8602150537634409,0.7488228373750632,0.19642857142857142,0.047619047619047616,0.42857142857142855,0.5204081632653061,0.5714285714285714,0.7843137254901961,0.9574468085106383,4.848484848484849,0.059259259259259324,40.0,11.0,45.0,2.0
test,0.9795918367346939,0.9791666666666666,0.9761904761904762,0.9761904761904762,0.9821428571428571,0.9761904761904762,0.9583333333333334,0.017857142857142856,0.023809523809523808,0.42857142857142855,0.42857142857142855,0.5714285714285714,0.9761904761904762,0.9821428571428571,54.66666666666652,0.02424242424242427,41.0,1.0,55.0,1.0
